City_ID,City,Country,Lat,Lng,Max Temp,Humidity,Cloudiness,Wind Speed,Description
0,Vaini,TO,-21.2,-175.2,73.56,94,100,10.36,moderate rain
1,Barrow,US,71.2906,-156.7887,6.82,78,100,16.11,overcast clouds
2,Aklavik,CA,68.2191,-135.0107,-0.26,98,100,0.85,light snow
3,Cape Town,ZA,-33.9258,18.4232,72.37,79,9,7.0,clear sky
4,Arraial Do Cabo,BR,-22.9661,-42.0278,75.18,86,100,3.69,overcast clouds
5,Ushuaia,AR,-54.8,-68.3,42.46,87,0,5.75,light rain
6,Broome,US,42.2506,-75.833,17.02,88,0,9.22,clear sky
7,Lakeside,US,30.13,-81.7682,64.45,85,75,10.36,broken clouds
8,Yokadouma,CM,3.5167,15.05,75.45,58,100,2.68,overcast clouds
9,Vaitape,PF,-16.5167,-151.75,78.93,73,100,18.7,overcast clouds
10,Hobart,AU,-42.8794,147.3294,51.26,93,100,13.8,moderate rain
11,Bambous Virieux,MU,-20.3428,57.7575,83.21,65,40,11.5,scattered clouds
12,Mar Del Plata,AR,-38.0023,-57.5575,56.12,81,0,5.75,clear sky
13,Sharkan,RU,57.2989,53.8712,10.58,89,12,9.08,few clouds
14,Puerto Ayora,EC,-0.7393,-90.3518,68.56,96,75,1.99,broken clouds
15,Nuevo Progreso,MX,23.1667,-97.95,72.54,77,76,1.01,broken clouds
16,Albany,US,42.6001,-73.9662,19.58,79,5,3.91,clear sky
17,Lillooet,CA,50.6856,-121.942,17.96,91,94,0.83,overcast clouds
18,Boda,CF,4.3189,17.4695,74.88,40,100,0.07,overcast clouds
19,Bredasdorp,ZA,-34.5322,20.0403,76.84,61,0,5.86,clear sky
20,Jizan,SA,17.3333,42.6667,83.34,65,1,4.27,clear sky
21,Malatya,TR,38.5,38.0,39.25,100,100,4.61,mist
22,Fukue,JP,32.6881,128.8419,53.96,54,75,9.22,broken clouds
23,Hermanus,ZA,-34.4187,19.2345,74.8,77,0,6.29,clear sky
24,Tasiilaq,GL,65.6145,-37.6368,26.76,73,12,6.04,few clouds
25,Kapaa,US,22.0752,-159.319,75.52,86,40,21.85,light rain
26,Iqaluit,CA,63.7506,-68.5145,6.53,84,75,3.44,broken clouds
27,Rikitea,PF,-23.1203,-134.9692,75.24,80,4,23.26,clear sky
28,Codrington,AU,-38.2667,141.9667,54.57,57,91,24.81,overcast clouds
29,Saint George,US,37.1041,-113.5841,36.19,84,75,4.0,broken clouds
30,Ixtapa,MX,20.7,-105.2,65.59,72,7,2.89,clear sky
31,Mataura,NZ,-46.1927,168.8643,63.48,61,100,5.26,overcast clouds
32,Filadelfia,US,39.9523,-75.1638,31.05,78,0,11.5,clear sky
33,Busselton,AU,-33.65,115.3333,78.76,36,62,5.14,broken clouds
34,Qaanaaq,GL,77.484,-69.3632,0.34,67,100,4.88,overcast clouds
35,Ostrovnoy,RU,68.0531,39.5131,20.28,81,100,17.9,overcast clouds
36,North Bend,US,43.4065,-124.2243,38.91,99,100,8.05,overcast clouds
37,Jamestown,US,42.097,-79.2353,26.02,67,100,5.99,overcast clouds
38,Punta Arenas,CL,-53.15,-70.9167,44.71,76,20,35.68,few clouds
39,Leningradskiy,RU,69.3833,178.4167,-5.01,75,100,27.2,overcast clouds
40,Bentiu,SS,9.2333,29.8333,85.86,15,0,7.31,clear sky
41,Pisco,PE,-13.7,-76.2167,69.85,88,100,4.61,mist
42,Namatanai,PG,-3.6667,152.4333,82.44,77,98,5.3,light rain
43,Port Alfred,ZA,-33.5906,26.891,77.45,74,100,21.03,overcast clouds
44,Tulsipur,NP,28.131,82.2973,74.75,24,0,5.32,clear sky
45,The Valley,AI,18.217,-63.0578,76.1,59,28,4.5,scattered clouds
46,Nanyuki,KE,0.0167,37.0728,65.25,69,77,3.27,light rain
47,Coquimbo,CL,-29.9533,-71.3436,60.53,94,0,4.61,clear sky
48,Thompson,CA,55.7435,-97.8558,24.96,93,100,3.44,light snow
49,Talnakh,RU,69.4865,88.3972,-14.8,96,100,10.18,overcast clouds
50,Ilulissat,GL,69.2167,-51.1,0.3,74,100,5.5,overcast clouds
51,Cabo San Lucas,MX,22.8909,-109.9124,71.51,70,61,1.01,broken clouds
52,Coxim,BR,-18.5067,-54.76,76.3,67,97,2.64,overcast clouds
53,Mabaruma,GY,8.2,-59.7833,70.38,100,48,1.54,scattered clouds
54,New Norfolk,AU,-42.7826,147.0587,51.93,73,100,1.01,light rain
55,Autun,FR,46.95,4.3,25.45,67,100,2.66,overcast clouds
56,Ornskoldsvik,SE,63.2909,18.7153,11.35,79,0,14.97,clear sky
57,Yanam,IN,16.7333,82.2167,84.24,64,43,6.85,scattered clouds
58,Ipora,BR,-16.4419,-51.1178,68.86,90,100,1.41,overcast clouds
59,Sabha,LY,27.0377,14.4283,65.1,39,0,3.94,clear sky
60,Linden,GY,6.0,-58.3,71.04,99,89,1.9,overcast clouds
61,Hilo,US,19.7297,-155.09,73.27,86,100,6.91,overcast clouds
62,Yulara,AU,-25.2406,130.9889,91.35,16,100,3.47,overcast clouds
63,Caraguatatuba,BR,-23.6338,-45.4899,74.66,97,100,4.18,light rain
64,Uvira,CD,-3.4067,29.1458,75.56,80,91,3.62,light rain
65,Lebu,CL,-37.6167,-73.65,55.8,88,0,17.56,clear sky
66,Castro,BR,-24.7911,-50.0119,65.8,95,100,6.02,moderate rain
67,Ixtahuacan,GT,15.4167,-91.7667,57.38,95,100,3.44,overcast clouds
68,Karla,EE,59.3723,24.9275,20.57,88,40,4.61,scattered clouds
69,Faya,SA,18.3851,42.4509,62.71,43,0,3.15,clear sky
70,Cayenne,GF,4.9333,-52.3333,73.44,94,40,0.0,scattered clouds
71,Sudzha,RU,51.1976,35.2726,32.41,79,100,2.42,overcast clouds
72,Ribeira Grande,PT,38.5167,-28.7,61.2,82,40,24.16,light rain
73,Avera,US,33.194,-82.5271,51.31,72,100,9.53,overcast clouds
74,Bara,NG,10.3744,10.7288,70.81,21,17,6.64,few clouds
75,Vila Do Maio,CV,15.1333,-23.2167,75.99,79,5,12.48,clear sky
76,Te Anau,NZ,-45.4167,167.7167,61.16,57,100,5.41,overcast clouds
77,Hofn,IS,64.2539,-15.2082,28.92,66,0,16.87,clear sky
78,Bluff,NZ,-46.6,168.3333,63.81,81,100,6.26,overcast clouds
79,Takoradi,GH,4.8845,-1.7554,77.95,85,0,4.88,light rain
80,Mantua,IT,45.1667,10.7833,34.99,92,100,1.99,overcast clouds
81,Bure,ET,10.7,37.0667,71.28,42,2,2.19,clear sky
82,Bestobe,KZ,52.4994,73.0975,22.35,81,100,13.44,overcast clouds
83,Hovd,MN,48.0056,91.6419,3.15,72,100,2.73,overcast clouds
84,Dicabisagan,PH,17.0818,122.4157,77.54,89,100,7.07,overcast clouds
85,Sao Joao Da Barra,BR,-21.6403,-41.0511,72.43,93,100,11.41,overcast clouds
86,Saskylakh,RU,71.9167,114.0833,7.32,94,100,12.91,light snow
87,Neuquen,AR,-38.9516,-68.0591,62.49,59,0,8.05,clear sky
88,Butaritari,KI,3.0707,172.7902,81.5,78,92,11.27,light rain
89,Muncar,ID,-8.4333,114.3333,86.09,68,67,4.9,broken clouds
90,Myitkyina,MM,25.3833,97.4,82.2,33,0,0.67,clear sky
91,Fallon,US,39.4735,-118.7774,33.93,75,100,0.0,overcast clouds
92,Katsuura,JP,35.1333,140.3,50.02,86,100,9.31,overcast clouds
93,Mwinilunga,ZM,-11.7358,24.4293,68.32,84,27,5.84,light rain
94,Yibin,CN,28.7667,104.6238,46.29,81,100,3.85,overcast clouds
95,Tomari,RU,47.7658,142.0683,35.83,92,100,20.04,moderate rain
96,Shenzhen,CN,22.5455,114.0683,62.22,80,94,8.72,overcast clouds
97,Freeport,US,40.6576,-73.5832,30.78,75,0,14.97,clear sky
98,Ponta Do Sol,PT,32.6667,-17.1,75.0,94,98,18.68,moderate rain
99,Tiznit,MA,29.5833,-9.5,60.39,72,7,1.57,clear sky
100,Shingu,JP,33.7333,135.9833,55.13,56,6,6.85,clear sky
101,Hithadhoo,MV,-0.6,73.0833,81.79,75,99,13.89,overcast clouds
102,Khatanga,RU,71.9667,102.5,-1.44,89,100,17.49,overcast clouds
103,Floro,NO,61.5996,5.0328,21.96,68,0,6.91,clear sky
104,Mandera,KE,3.9366,41.867,85.23,35,0,13.49,clear sky
105,Port Elizabeth,ZA,-33.918,25.5701,88.11,69,0,5.75,clear sky
106,Manggar,ID,-2.8833,108.2667,86.45,63,100,13.96,overcast clouds
107,Mahebourg,MU,-20.4081,57.7,83.25,65,40,11.5,scattered clouds
108,Cherskiy,RU,68.75,161.3,-33.84,99,100,12.46,overcast clouds
109,Grand Gaube,MU,-20.0064,57.6608,83.37,59,73,10.0,broken clouds
110,East London,ZA,-33.0153,27.9116,77.94,78,0,13.8,clear sky
111,Yining,CN,29.0361,114.5636,56.71,22,0,5.23,clear sky
112,Phatthalung,TH,7.5,100.0833,81.28,78,37,15.21,scattered clouds
113,Scarborough,GB,54.2797,-0.4044,30.9,91,100,5.86,overcast clouds
114,Najran,SA,17.4924,44.1277,66.85,39,0,2.89,clear sky
115,Upington,ZA,-28.4478,21.2561,79.18,53,40,2.3,scattered clouds
116,Abu Samrah,SY,35.3029,37.1841,54.64,75,99,6.82,overcast clouds
117,Chokurdakh,RU,70.6333,147.9167,-19.28,98,100,9.95,overcast clouds
118,Praia Da Vitoria,PT,38.7333,-27.0667,60.76,77,20,23.29,few clouds
119,Marsabit,KE,2.3284,37.9899,70.66,62,5,17.74,clear sky
120,Torbay,CA,47.6666,-52.7314,36.27,96,100,13.8,light intensity drizzle
121,Jalingo,NG,8.8833,11.3667,78.12,22,97,2.17,overcast clouds
122,Cidreira,BR,-30.1811,-50.2056,62.8,75,58,7.96,broken clouds
123,Ambanja,MG,-13.6833,48.45,87.01,59,19,3.44,few clouds
124,Vardo,NO,70.3705,31.1107,12.18,92,21,10.36,few clouds
125,Pevek,RU,69.7008,170.3133,-12.68,94,100,21.9,light snow
126,Wajima,JP,37.4,136.9,48.88,81,75,17.27,broken clouds
127,Goderich,CA,43.7501,-81.7165,25.12,74,6,6.91,clear sky
128,Tiffin,US,41.1145,-83.178,34.95,79,60,6.55,broken clouds
129,Berdigestyakh,RU,62.0989,126.6992,-31.04,99,100,2.77,overcast clouds
130,Yar-Sale,RU,66.8333,70.8333,-15.63,92,6,9.64,clear sky
131,Isangel,VU,-19.55,169.2667,78.98,70,29,12.62,scattered clouds
132,Arman,RU,59.7,150.1667,-23.98,84,5,8.43,clear sky
133,Howard Springs,AU,-12.497,131.047,76.91,59,85,8.34,moderate rain
134,Provideniya,RU,64.3833,-173.3,7.09,84,68,8.95,broken clouds
135,Puerto Escondido,MX,15.85,-97.0667,75.43,80,15,4.27,few clouds
136,Pouembout,NC,-21.1333,164.9,79.18,69,18,8.57,few clouds
137,Upernavik,GL,72.7868,-56.1549,17.44,95,100,11.65,light snow
138,Burnie,AU,-41.0667,145.9167,46.94,77,100,13.6,light rain
139,Carnarvon,AU,-24.8667,113.6333,76.24,66,0,17.34,clear sky
140,Cairns,AU,-16.9167,145.7667,85.1,74,75,4.61,broken clouds
141,Dikson,RU,73.5069,80.5464,-3.06,94,100,12.39,overcast clouds
142,Jishou,CN,28.3167,109.7167,57.15,23,0,9.15,clear sky
143,Makakilo City,US,21.3469,-158.0858,73.72,73,75,12.66,broken clouds
144,Havoysund,NO,70.9963,24.6622,21.43,71,82,7.05,broken clouds
145,Ucluelet,CA,48.9329,-125.5528,38.95,83,45,3.13,scattered clouds
146,Qaqortoq,GL,60.7167,-46.0333,12.74,65,7,7.85,clear sky
147,Chuy,UY,-33.6971,-53.4616,55.85,81,0,7.25,clear sky
148,Porto Belo,BR,-27.1578,-48.5531,70.16,88,88,15.93,overcast clouds
149,Nassau,US,40.7507,-73.5829,30.45,74,0,5.75,clear sky
150,Eyrarbakki,IS,63.863,-21.1481,23.05,57,15,12.06,few clouds
151,Avarua,CK,-21.2078,-159.775,73.45,78,15,4.61,few clouds
152,Olafsvik,IS,64.8945,-23.7142,33.01,73,76,17.09,broken clouds
153,Selizharovo,RU,56.8519,33.4487,18.75,94,100,8.72,overcast clouds
154,Buin,CL,-33.7333,-70.75,74.73,32,0,3.22,clear sky
155,Hitoyoshi,JP,32.2167,130.75,53.42,64,8,9.93,clear sky
156,Georgetown,MY,5.4112,100.3354,86.9,79,40,8.05,scattered clouds
157,Boditi,ET,6.9667,37.8667,67.93,40,6,5.75,clear sky
158,Port Antonio,JM,18.18,-76.4612,76.91,83,0,2.68,clear sky
159,Iralaya,HN,15.0,-83.2333,75.42,81,7,5.64,clear sky
160,Gravdal,NO,68.1214,13.5031,28.29,80,75,10.36,broken clouds
161,Karratha,AU,-20.7377,116.8463,100.67,24,1,21.21,clear sky
162,Kualakapuas,ID,-3.0091,114.3876,80.47,87,100,1.83,light rain
163,Pitimbu,BR,-7.4706,-34.8086,75.79,79,57,6.51,broken clouds
164,Bathsheba,BB,13.2167,-59.5167,79.05,89,75,8.05,broken clouds
165,Rabo De Peixe,PT,37.8,-25.5833,60.31,100,20,24.16,very heavy rain
166,Poya,NC,-21.35,165.15,78.89,68,12,9.44,few clouds
167,Bhinmal,IN,25.0,72.25,82.87,29,0,11.72,clear sky
168,Annau,TM,37.8876,58.516,38.7,65,40,6.91,scattered clouds
169,Henties Bay,NA,-22.116,14.2845,62.8,83,78,5.37,broken clouds
170,Vostok,RU,46.4856,135.8833,8.58,95,100,9.55,light snow
171,Vung Tau,VN,10.346,107.0843,79.12,67,65,5.28,broken clouds
172,Saint-Philippe,RE,-21.3585,55.7679,83.79,81,49,11.74,light rain
173,Sobolevo,RU,54.4299,31.8996,24.78,93,96,11.68,overcast clouds
174,Ereymentau,KZ,51.6199,73.1033,14.67,84,100,14.52,overcast clouds
175,Gazanjyk,TM,39.2446,55.5154,46.11,44,100,10.69,overcast clouds
176,Los Andes,CL,-32.8337,-70.5983,63.01,28,0,1.7,clear sky
177,Havre-Saint-Pierre,CA,50.2334,-63.5986,10.4,85,100,12.66,light snow
178,Saint-Francois,FR,46.4154,3.9054,27.84,86,100,6.91,overcast clouds
179,Alofi,NU,-19.0595,-169.9187,75.09,73,93,5.75,overcast clouds
180,Kirkwall,GB,58.9848,-2.9587,37.45,60,20,21.85,few clouds
181,Yellowknife,CA,62.456,-114.3525,-1.44,78,75,19.57,broken clouds
182,Tautira,PF,-17.7333,-149.15,76.05,75,100,3.8,overcast clouds
183,Kirakira,SB,-10.4544,161.9205,81.48,80,25,2.01,scattered clouds
184,Husavik,IS,66.0449,-17.3389,23.68,80,100,6.13,light snow
185,Norman Wells,CA,65.282,-126.8329,-2.16,78,100,3.44,light snow
186,Cockburn Town,TC,21.4612,-71.1419,76.01,65,0,5.59,clear sky
187,Akyab,MM,20.15,92.9,81.07,44,0,7.09,clear sky
188,Sur,OM,22.5667,59.5289,77.59,51,0,11.65,clear sky
189,Lasa,IT,46.6166,10.7002,23.88,70,63,2.35,broken clouds
190,Mogadishu,SO,2.0371,45.3438,84.07,74,20,19.57,few clouds
191,Kununurra,AU,-15.7667,128.7333,98.58,36,98,8.05,overcast clouds
192,Lakatoro,VU,-16.0999,167.4164,82.78,73,56,9.37,broken clouds
193,Kodiak,US,57.79,-152.4072,31.51,59,100,4.61,overcast clouds
194,Ponta Delgada,PT,37.7333,-25.6667,61.52,82,20,24.16,very heavy rain
195,Fortuna,US,40.5982,-124.1573,39.92,96,100,8.05,overcast clouds
196,Alice Springs,AU,-23.7,133.8833,87.35,13,38,8.05,scattered clouds
197,Svetlogorsk,BY,52.6333,29.7333,23.16,95,98,7.74,overcast clouds
198,Kambove,CD,-10.8764,26.5969,67.51,85,71,4.07,broken clouds
199,Alihe,CN,50.5667,123.7167,1.02,85,100,8.95,overcast clouds
200,Agirish,RU,61.9247,63.0231,-11.74,97,100,3.27,overcast clouds
201,Puerto Leguizamo,CO,-0.1934,-74.7819,73.53,90,100,2.46,overcast clouds
202,Natchitoches,US,31.7668,-93.1335,59.85,100,100,6.91,overcast clouds
203,San Quintin,MX,30.4833,-115.95,56.17,67,83,9.75,broken clouds
204,Vestmannaeyjar,IS,63.4427,-20.2734,31.05,66,10,3.56,clear sky
205,Kahului,US,20.8947,-156.47,75.85,86,20,13.8,light rain
206,Narsaq,GL,60.9167,-46.05,16.02,61,8,8.28,clear sky
207,Jalu,LY,29.0331,21.5482,66.04,35,0,6.13,clear sky
208,Mount Gambier,AU,-37.8333,140.7667,53.26,63,76,15.05,broken clouds
209,Flinders,AU,-34.5833,150.8552,79.05,53,2,5.99,clear sky
210,Oktyabrskoye,RU,43.0645,44.7417,28.54,100,100,4.47,fog
211,Saint-Joseph,RE,-21.3667,55.6167,82.78,78,39,10.63,light rain
212,Atuona,PF,-9.8,-139.0333,77.61,81,18,19.71,light rain
213,Nyagan,RU,62.1406,65.3936,-13.4,98,15,0.49,few clouds
214,Jaboticabal,BR,-21.2547,-48.3222,68.38,97,99,4.25,light rain
215,Severo-Kurilsk,RU,50.6789,156.125,25.74,69,100,7.94,overcast clouds
216,Nakusp,CA,50.2499,-117.8023,30.54,80,99,3.44,overcast clouds
217,Wairoa,NZ,-39.0333,177.3667,66.54,95,60,4.0,broken clouds
218,Saryg-Sep,RU,51.5,95.6,-3.42,77,100,1.77,overcast clouds
219,Langsa,ID,4.4683,97.9683,77.59,92,100,2.62,overcast clouds
220,Faanui,PF,-16.4833,-151.75,79.12,70,100,15.99,overcast clouds
221,Kavaratti,IN,10.5669,72.642,80.13,80,100,17.2,light rain
222,San Carlos,VE,9.6612,-68.5827,73.22,83,92,3.02,overcast clouds
223,Deming,US,32.2687,-107.7586,35.49,80,100,8.05,overcast clouds
224,Bonnyville,CA,54.2668,-110.735,4.8,99,47,3.58,scattered clouds
225,Saint Anthony,US,45.0205,-93.218,36.12,81,100,18.41,overcast clouds
226,Nambucca Heads,AU,-30.65,153.0,73.4,53,0,9.75,clear sky
227,Saldanha,ZA,-33.0117,17.9442,66.25,91,98,15.77,overcast clouds
228,Nanortalik,GL,60.1432,-45.2371,19.85,75,6,5.97,clear sky
229,Bengkulu,ID,-3.8004,102.2655,79.54,82,100,6.11,overcast clouds
230,Jieshi,CN,22.8134,115.8257,56.17,78,100,9.48,overcast clouds
231,Kabo,CF,7.6994,18.629,79.92,18,86,3.53,overcast clouds
232,Longyearbyen,SJ,78.2186,15.6401,3.04,55,75,18.41,broken clouds
233,Botwood,CA,49.1499,-55.3482,28.9,95,100,8.5,overcast clouds
234,Aquiraz,BR,-3.9014,-38.3911,80.19,77,72,7.72,broken clouds
235,Fairbanks,US,64.8378,-147.7164,8.94,79,0,0.0,clear sky
236,Carbonia,IT,39.1672,8.5222,63.25,94,100,17.4,overcast clouds
237,Lima,PE,-12.0432,-77.0282,68.9,79,0,8.05,clear sky
238,Tiksi,RU,71.6872,128.8694,-16.29,93,100,14.05,overcast clouds
239,Oranjemund,NA,-28.55,16.4333,70.83,72,0,4.18,clear sky
240,Luderitz,NA,-26.6481,15.1594,69.24,70,13,5.1,few clouds
241,Waipawa,NZ,-41.4122,175.5153,64.44,87,4,3.8,clear sky
242,Ashqelon,IL,31.6693,34.5715,68.79,61,97,9.75,overcast clouds
243,Kemijarvi,FI,66.7131,27.4306,9.81,85,100,9.89,overcast clouds
244,Nioro,GM,13.35,-15.75,67.48,19,0,6.31,clear sky
245,Lavrentiya,RU,65.5833,-171.0,-2.99,90,27,9.95,scattered clouds
246,Dawei,MM,14.0833,98.2,87.84,44,17,3.98,few clouds
247,Sandy Bay,AU,-42.913,147.3532,52.3,93,75,14.97,moderate rain
248,Kaitangata,NZ,-46.2817,169.8464,64.54,75,100,12.41,overcast clouds
249,Puerto El Triunfo,SV,13.2833,-88.55,74.71,81,68,3.02,broken clouds
250,Buriti Alegre,BR,-18.14,-49.0403,66.58,92,99,3.22,overcast clouds
251,Sola,VU,-13.8833,167.55,81.95,73,56,8.5,broken clouds
252,Turayf,SA,31.6725,38.6637,55.65,58,0,0.0,clear sky
253,Richards Bay,ZA,-28.783,32.0377,74.57,86,100,4.43,overcast clouds
254,Semme,FR,46.1963,1.5007,32.41,92,98,2.33,overcast clouds
255,Vestmanna,FO,62.1564,-7.1664,34.72,75,75,16.11,snow
256,Kenai,US,60.5544,-151.2583,17.15,92,0,6.91,mist
257,Ust-Nera,RU,64.5667,143.2,-53.21,98,74,4.25,broken clouds
258,Sao Filipe,CV,14.8961,-24.4956,78.22,67,0,8.14,clear sky
259,Airai,TL,-8.9266,125.4092,69.76,78,99,2.75,heavy intensity rain
260,Dunedin,NZ,-45.8742,170.5036,58.8,96,100,5.99,overcast clouds
261,Necochea,AR,-38.5473,-58.7368,50.13,89,0,8.59,clear sky
262,Pforzheim,DE,48.8833,8.7,20.34,80,37,4.88,scattered clouds
263,Moose Factory,CA,51.2585,-80.6094,1.38,85,100,3.44,mist
264,Nikolskoye,RU,59.7035,30.7861,24.69,93,100,8.77,overcast clouds
265,Guerrero Negro,MX,27.9769,-114.0611,58.41,68,7,16.17,light rain
266,Boueni,YT,-12.9025,45.0761,80.58,72,100,7.02,light rain
267,Tura,IN,25.5198,90.2201,75.02,52,8,3.74,clear sky
268,Amalapuram,IN,16.5833,82.0167,85.06,63,57,6.42,broken clouds
269,Aquidauana,BR,-20.4711,-55.7872,73.49,89,100,3.65,overcast clouds
270,Sabang,ID,5.8933,95.3214,77.4,90,100,16.08,light rain
271,Hasaki,JP,35.7333,140.8333,50.29,73,100,12.3,overcast clouds
272,Batagay,RU,67.6333,134.6333,-26.43,98,100,2.95,overcast clouds
273,Broken Hill,AU,-31.95,141.4333,74.52,25,7,20.09,clear sky
274,Tevriz,RU,57.509,72.4042,-9.17,89,9,6.49,clear sky
275,Araouane,ML,18.9048,-3.5265,67.53,17,0,8.59,clear sky
276,Krasnoselkup,RU,65.7,82.4667,-18.47,94,100,4.65,overcast clouds
277,Aswan,EG,24.0934,32.907,73.2,24,0,6.62,clear sky
278,Rio Gallegos,AR,-51.6226,-69.2181,44.65,61,0,11.5,clear sky
279,Jiexiu,CN,37.0244,111.9125,27.86,19,0,14.58,clear sky
280,Bethel,US,41.3712,-73.414,26.96,72,0,5.75,clear sky
281,Urumqi,CN,43.801,87.6005,2.35,85,6,4.47,mist
282,Mount Isa,AU,-20.7333,139.5,100.17,8,0,11.5,clear sky
283,Tuktoyaktuk,CA,69.4541,-133.0374,0.88,97,100,10.51,light snow
284,Manado,ID,1.487,124.8455,83.17,74,40,5.75,light rain
285,Yerbogachen,RU,61.2767,108.0108,-16.11,95,91,6.67,overcast clouds
286,Ancud,CL,-41.8697,-73.8203,55.42,93,100,3.22,overcast clouds
287,Boyolangu,ID,-8.1181,111.8935,83.84,72,100,7.58,moderate rain
288,Luba,GQ,3.4568,8.5547,78.69,81,68,4.83,light rain
289,Libreville,GA,0.3925,9.4537,75.22,100,75,2.3,broken clouds
290,Vao,NC,-22.6667,167.4833,76.33,66,86,14.36,overcast clouds
291,Clyde River,CA,70.4692,-68.5914,-5.06,93,40,3.65,scattered clouds
292,Korla,CN,41.7597,86.1469,29.01,38,0,6.11,clear sky
293,Ormara,PK,25.2088,64.6357,76.69,37,0,9.4,clear sky
294,Tual,ID,-5.6667,132.75,82.65,70,100,1.95,light rain
295,Salalah,OM,17.0151,54.0924,80.69,22,0,11.5,clear sky
296,Zhuanghe,CN,39.7008,122.9911,19.0,36,18,27.04,few clouds
297,Sharan,RU,54.8167,54.0,13.1,83,14,5.99,few clouds
298,Grand-Santi,GF,4.25,-54.3833,69.94,100,100,2.37,overcast clouds
299,Khvorostyanka,RU,52.6096,48.9597,22.51,68,0,12.93,clear sky
300,Shelburne,CA,44.0787,-80.2041,18.59,92,4,2.89,clear sky
301,Mazagao,BR,-0.115,-51.2894,77.05,94,13,2.21,few clouds
302,Hazorasp,UZ,41.3194,61.0742,35.44,51,7,11.86,clear sky
303,Quatre Cocos,MU,-20.2078,57.7625,83.08,67,4,14.52,clear sky
304,Karaton,ID,-6.3424,106.1045,85.15,63,84,10.11,broken clouds
305,Klaksvik,FO,62.2266,-6.589,36.52,88,97,27.6,light rain
306,Barra Patuca,HN,15.8,-84.2833,74.93,81,35,3.51,scattered clouds
307,Worland,US,44.0169,-107.9554,18.75,89,100,6.91,mist
308,Kattivakkam,IN,13.2167,80.3167,86.09,71,10,8.95,clear sky
309,Riyadh,SA,24.6877,46.7219,66.34,36,2,12.5,clear sky
310,Boende,CD,-0.2167,20.8667,68.47,97,100,5.7,overcast clouds
311,Beboto,TD,8.2668,16.939,76.44,22,100,5.03,overcast clouds
312,Zaozhuang,CN,34.8647,117.5542,39.79,16,100,18.21,overcast clouds
313,Lubao,PH,14.9167,120.55,89.67,67,100,8.3,overcast clouds
314,Yenagoa,NG,4.9247,6.2642,78.98,84,11,3.15,few clouds
315,Yarada,IN,17.65,83.2667,86.32,66,40,6.91,haze
316,Lagoa,PT,39.05,-27.9833,59.68,79,91,33.42,overcast clouds
317,Karakol,KG,42.4907,78.3936,27.77,69,0,0.29,clear sky
318,Kapuskasing,CA,49.4169,-82.4331,-7.51,84,0,0.0,clear sky
319,Berezniki,RU,59.4152,56.8124,16.05,92,100,9.15,overcast clouds
320,Hastings,GB,50.8552,0.5729,35.78,71,97,14.29,overcast clouds
321,Vanimo,PG,-2.6741,141.3028,81.55,78,100,4.32,overcast clouds
322,Haines Junction,CA,60.7522,-137.5108,17.55,57,100,13.8,overcast clouds
323,Anantapur,IN,14.6833,77.6,79.18,70,90,12.33,overcast clouds
324,Mahibadhoo,MV,3.7833,72.9667,82.04,77,15,15.03,few clouds
325,Naze,JP,28.3667,129.4833,61.72,59,5,15.77,clear sky
326,Tazmalt,DZ,36.3868,4.3989,58.41,86,27,6.22,scattered clouds
327,Conceicao Do Mato Dentro,BR,-19.0372,-43.425,67.82,96,100,2.95,overcast clouds
328,Novomykolayivka,UA,47.9781,35.9102,42.46,91,100,4.52,overcast clouds
329,Banfora,BF,10.6333,-4.7667,69.24,19,96,4.88,overcast clouds
330,Kultuk,RU,51.7208,103.6956,8.37,62,25,1.19,scattered clouds
331,Erenhot,CN,43.6475,111.9767,4.73,37,2,23.73,clear sky
332,Tokur,RU,53.1333,132.9,-7.51,97,100,6.08,overcast clouds
333,Mecca,SA,21.4267,39.8261,77.77,56,0,1.61,clear sky
334,Wanning,CN,18.8003,110.3967,71.38,54,0,13.24,clear sky
335,Kudahuvadhoo,MV,2.6708,72.8944,81.72,78,39,13.85,scattered clouds
336,Bati,ET,11.1833,40.0167,66.51,48,35,6.08,scattered clouds
337,Camden,US,39.7835,-74.9663,30.56,84,5,1.01,clear sky
338,Beringovskiy,RU,63.05,179.3167,-7.67,94,61,4.05,broken clouds
339,Reconquista,AR,-29.15,-59.65,65.46,45,0,7.0,clear sky
340,Progreso,MX,21.2833,-89.6667,71.71,84,6,10.45,clear sky
341,Saint-Pierre,RE,-21.3393,55.4781,83.88,58,20,23.02,light rain
342,Sawakin,SD,19.1059,37.3321,78.8,71,37,13.22,scattered clouds
343,Sagua La Grande,CU,22.8067,-80.0756,67.84,84,0,2.51,clear sky
344,Sursee,CH,47.1667,8.1,25.54,91,100,4.61,overcast clouds
345,Hammerfest,NO,70.6634,23.6821,18.05,57,0,2.3,clear sky
346,Auch,FR,43.65,0.5833,58.24,95,100,5.01,overcast clouds
347,Cedar City,US,37.6775,-113.0619,23.97,74,100,3.44,overcast clouds
348,Carauari,BR,-4.8828,-66.8958,71.92,99,100,1.59,overcast clouds
349,Anadyr,RU,64.75,177.4833,-14.3,64,0,8.95,clear sky
350,Nouadhibou,MR,20.931,-17.0347,69.78,68,0,11.5,clear sky
351,Si Sa Ket,TH,14.8333,104.3333,82.85,43,81,9.69,broken clouds
352,Rodrigues Alves,BR,-7.738,-72.6509,71.1,98,100,1.36,overcast clouds
353,Hun,LY,29.1268,15.9477,65.01,49,0,3.58,clear sky
354,Victoria,HK,22.2855,114.1577,62.33,69,86,13.0,overcast clouds
355,Prestea,GH,5.4327,-2.1428,75.15,90,4,1.25,clear sky
356,College,US,64.8569,-147.8028,8.92,78,40,0.0,scattered clouds
357,Saint-Paul,RE,-21.0096,55.2707,84.31,72,23,4.47,few clouds
358,Banswada,IN,18.3833,77.8833,83.84,53,96,8.25,overcast clouds
359,Ibra,OM,22.6906,58.5334,74.93,40,0,2.53,clear sky
360,Tuatapere,NZ,-46.1333,167.6833,62.98,60,100,3.47,overcast clouds
361,Mercedes,AR,-34.6515,-59.4307,57.63,82,0,7.14,clear sky
362,Santa Maria,BR,-29.6842,-53.8069,60.33,79,0,4.88,clear sky
363,Buraydah,SA,26.326,43.975,64.85,34,0,14.99,clear sky
364,Kiunga,PG,-6.1219,141.2906,83.26,75,100,1.74,overcast clouds
365,Taltal,CL,-25.4,-70.4833,65.25,84,46,3.15,scattered clouds
366,Ehingen,DE,48.2826,9.7275,16.99,93,83,8.08,broken clouds
367,Palmer,US,42.1584,-72.3287,24.46,69,0,12.66,clear sky
368,La Peca,PE,-5.6111,-78.435,68.09,82,100,2.55,overcast clouds
369,Vila Franca Do Campo,PT,37.7167,-25.4333,61.21,84,12,19.33,few clouds
370,Valley City,US,46.9233,-98.0032,28.92,100,100,11.68,mist
371,Guilin,CN,25.2819,110.2864,62.71,29,0,10.71,clear sky
372,Karpathos,GR,35.507,27.2132,66.16,82,20,12.66,few clouds
373,Obidos,BR,-1.9175,-55.5181,73.83,87,90,2.55,overcast clouds
374,Langnau,CH,46.9394,7.7874,23.95,90,100,1.81,overcast clouds
375,Pombas,CV,17.1503,-25.0201,69.58,74,31,7.45,scattered clouds
376,Mumford,GH,5.2618,-0.759,78.98,82,3,6.11,clear sky
377,Newport,GB,51.5877,-2.9984,33.76,73,100,10.2,overcast clouds
378,Ugoofaaru,MV,5.6667,73.0,82.06,75,99,12.77,overcast clouds
379,Port-Gentil,GA,-0.7193,8.7815,80.56,89,40,3.44,scattered clouds
380,Cetraro,IT,39.5166,15.9416,52.47,91,100,7.96,moderate rain
381,Atasu,KZ,48.6814,71.6433,11.39,72,90,1.59,overcast clouds
382,Udomlya,RU,57.8794,34.9925,19.36,92,97,7.16,overcast clouds
383,Khon Kaen,TH,16.5,102.0833,77.88,45,4,6.26,clear sky
384,Port Lincoln,AU,-34.7333,135.8667,58.98,54,86,20.51,overcast clouds
385,Redlands,US,34.0556,-117.1825,44.35,89,100,0.0,overcast clouds
386,Sibolga,ID,1.7427,98.7792,79.23,86,88,5.08,overcast clouds
387,Two Rivers,US,44.1539,-87.5693,36.09,81,100,12.66,overcast clouds
388,Dvinskoy,RU,62.1535,45.1175,21.24,94,100,10.25,light snow
389,Chicama,PE,-7.8447,-79.1469,64.94,78,100,2.28,overcast clouds
390,Zhezkazgan,KZ,47.8043,67.7144,8.58,61,0,2.24,clear sky
391,Okhotsk,RU,59.3833,143.3,-24.29,81,6,12.88,clear sky
392,Krasnovishersk,RU,60.4078,57.082,21.9,95,100,7.58,snow
393,Coos Bay,US,43.3665,-124.2179,38.98,99,100,8.05,overcast clouds
394,Lompoc,US,34.6391,-120.4579,43.52,91,0,8.05,clear sky
395,Caravelas,BR,-17.7125,-39.2481,74.16,91,100,8.9,overcast clouds
396,Kirensk,RU,57.7853,108.1119,-17.54,98,43,2.82,scattered clouds
397,Killybegs,IE,54.6333,-8.45,33.22,88,14,7.47,few clouds
398,Kurayoshi,JP,35.4333,133.8167,51.71,70,97,12.03,overcast clouds
399,Westport,US,41.1415,-73.3579,30.56,69,0,11.5,clear sky
400,Hamilton,US,39.1834,-84.5333,37.49,79,0,10.36,clear sky
401,Naigarhi,IN,24.7833,81.7833,80.15,22,0,8.21,clear sky
402,Plopsoru,RO,44.7833,23.35,30.78,56,5,4.03,clear sky
403,Horve,DK,55.7529,11.453,30.04,75,53,6.82,broken clouds
404,Calama,CL,-22.4667,-68.9333,50.49,50,0,10.36,clear sky
405,Iisalmi,FI,63.5592,27.1907,14.77,92,100,8.9,overcast clouds
406,Kidal,ML,18.4411,1.4078,65.82,16,5,9.64,clear sky
407,Half Moon Bay,US,37.4636,-122.4286,46.56,90,0,3.44,clear sky
408,Kungurtug,RU,50.5994,97.5228,-4.0,70,100,0.85,overcast clouds
409,Hue,VN,16.4667,107.6,71.71,73,75,3.44,broken clouds
410,Senanga,ZM,-16.1167,23.2667,82.18,50,41,9.51,scattered clouds
411,Saint-Augustin,CA,51.226,-58.6502,22.19,80,100,17.34,overcast clouds
412,Totness,SR,5.8833,-56.3167,75.29,90,100,8.48,moderate rain
413,Yumen,CN,40.2833,97.2,23.54,34,0,21.23,clear sky
414,Praia,CV,14.9215,-23.5087,75.74,53,0,12.66,clear sky
415,San Patricio,US,28.017,-97.5169,74.16,85,99,16.2,overcast clouds
416,Nago,JP,26.5881,127.9761,68.45,65,99,13.58,overcast clouds
417,Fergus Falls,US,46.283,-96.0776,32.16,86,100,14.97,overcast clouds
418,Clarksburg,US,39.2807,-80.3445,36.05,73,100,0.0,overcast clouds
419,Pangnirtung,CA,66.1451,-65.7125,8.53,89,100,3.58,overcast clouds
420,Mitsamiouli,KM,-11.3847,43.2844,88.09,62,75,12.66,light rain
421,Buala,SB,-8.145,159.5921,81.0,78,61,1.48,light rain
422,Bahia Honda,CU,22.9036,-83.1592,68.7,90,2,5.35,light rain
423,Nemuro,JP,43.3236,145.575,45.66,93,100,36.39,light rain
424,Patacamaya,BO,-17.2333,-67.9167,45.63,81,100,1.68,overcast clouds
425,Pocone,BR,-16.2567,-56.6228,76.5,75,100,4.52,overcast clouds
426,Paamiut,GL,61.994,-49.6678,18.54,63,88,9.31,overcast clouds
427,Along,IN,28.1667,94.7667,77.16,38,0,1.52,clear sky
428,Kavieng,PG,-2.5744,150.7967,82.35,72,88,1.97,light rain
429,Santa Cruz,BO,-17.8,-63.1667,74.66,88,75,18.41,broken clouds
430,Colac,AU,-38.3333,143.5833,51.17,65,64,14.58,broken clouds
431,Ishigaki,JP,24.3448,124.1572,69.93,78,75,20.71,broken clouds
432,Taclobo,PH,12.3074,122.586,82.89,72,43,4.92,scattered clouds
433,Bridlington,GB,54.0831,-0.1919,28.89,81,100,7.47,overcast clouds
434,Oksfjord,NO,70.2396,22.3479,24.98,71,11,7.61,few clouds
435,Tutoia,BR,-2.7619,-42.2744,78.55,77,95,11.03,overcast clouds
436,Mnogovershinnyy,RU,53.9353,139.9242,0.91,95,100,8.16,overcast clouds
437,Barentu,ER,15.1139,37.5928,79.11,38,0,2.48,clear sky
438,Vila Velha,BR,-20.3297,-40.2925,78.75,89,0,11.5,light rain
439,Moranbah,AU,-22.0016,148.0466,90.41,41,88,10.22,overcast clouds
440,Madison,US,34.7334,-86.5667,51.33,80,100,1.99,overcast clouds
441,Savannah Bight,HN,16.45,-85.85,79.74,72,87,12.53,overcast clouds
442,Dalian,CN,38.9122,121.6022,28.33,40,20,17.9,few clouds
443,Jumla,NP,29.2747,82.1838,61.63,12,4,6.49,clear sky
444,Yakeshi,CN,49.2833,120.7333,-6.81,90,100,13.73,overcast clouds
445,Santa Ana,US,33.7456,-117.8678,50.05,85,0,3.44,clear sky
446,Zhicheng,CN,30.2956,111.5047,57.4,18,0,9.69,clear sky
447,Am Timan,TD,11.0297,20.2827,81.68,13,100,5.91,overcast clouds
448,Carlsbad,US,33.1581,-117.3506,49.15,91,7,5.01,clear sky
449,General Pico,AR,-35.6566,-63.7568,52.38,60,0,3.42,clear sky
450,Panorama,GR,40.5878,23.0315,50.43,54,20,8.05,few clouds
451,Pochutla,MX,15.7432,-96.4661,71.82,77,59,2.91,broken clouds
452,Ciudad Bolivar,VE,8.1222,-63.5497,72.84,93,79,5.95,broken clouds
453,Kharitonovo,RU,61.4009,47.4978,27.05,92,100,9.95,overcast clouds
454,Clonakilty,IE,51.6231,-8.8706,36.61,82,100,20.94,light rain
455,Aligudarz,IR,33.4006,49.6949,44.56,35,15,4.92,few clouds
456,Nzega,RW,-2.479,29.5564,61.59,85,91,3.78,light rain
457,Boras,SE,57.721,12.9401,21.83,99,94,2.68,overcast clouds
458,Prainha,BR,-1.8,-53.48,73.31,88,86,3.33,overcast clouds
459,Kruisfontein,ZA,-34.0033,24.7314,85.89,40,0,2.15,clear sky
460,Inhambane,MZ,-23.865,35.3833,87.78,62,40,11.5,scattered clouds
461,Lake Cowichan,CA,48.825,-124.0546,37.18,98,47,1.72,scattered clouds
462,Bandarbeyla,SO,9.4942,50.8122,80.62,57,6,19.57,clear sky
463,Bay Roberts,CA,47.5999,-53.2648,36.34,95,100,8.99,overcast clouds
464,Hervey Bay,AU,-25.2986,152.8535,78.08,85,15,9.8,moderate rain
465,Grindavik,IS,63.8424,-22.4338,27.07,74,13,5.75,few clouds
466,High Level,CA,58.5169,-117.136,3.31,85,100,10.36,overcast clouds
467,Umarkot,PK,25.3616,69.7362,86.16,15,0,14.09,clear sky
468,Catabola,AO,-12.15,17.2833,68.79,64,99,3.47,overcast clouds
469,Les Cayes,HT,18.2,-73.75,70.77,86,0,5.97,clear sky
470,Impfondo,CG,1.6381,18.0667,78.76,70,89,4.14,overcast clouds
471,Huarmey,PE,-10.0681,-78.1522,67.78,84,100,0.47,overcast clouds
472,Lesnoy,RU,57.6198,63.0784,12.92,93,100,5.55,overcast clouds
473,Javanrud,IR,34.7961,46.5172,40.98,81,100,2.04,light rain
474,Evensk,RU,61.95,159.2333,-3.01,93,100,8.16,overcast clouds
475,Batavia,US,41.85,-88.3126,37.08,73,100,9.22,overcast clouds
476,Lebedinyy,RU,58.5167,125.5167,-38.85,95,58,6.02,broken clouds
477,Ust-Kuyga,RU,70.0167,135.6,-18.13,97,100,7.85,overcast clouds
478,Barga,IT,44.0742,10.4808,40.96,86,100,5.95,overcast clouds
479,Brandon,US,27.9378,-82.2859,64.27,93,5,7.0,clear sky
480,Lazaro Cardenas,MX,17.9583,-102.2,71.82,90,22,3.71,few clouds
481,Bukachacha,RU,52.9833,116.9167,-13.05,76,100,4.43,overcast clouds
482,Lufilufi,WS,-13.8745,-171.5986,78.58,71,31,5.7,scattered clouds
483,Saravena,CO,6.9538,-71.8752,72.88,81,100,1.83,overcast clouds
484,Margate,GB,51.3813,1.3862,36.7,68,95,5.99,overcast clouds
485,Egvekinot,RU,66.3167,-179.1667,-20.51,75,7,3.94,clear sky
486,Emerald,AU,-23.5333,148.1667,83.86,60,60,14.29,broken clouds
487,Novato,US,38.1074,-122.5697,47.48,91,0,3.44,clear sky
488,Itoman,JP,26.1247,127.6694,68.4,60,20,19.57,few clouds
489,Kalengwa,ZM,-13.4659,25.0027,77.2,60,8,6.49,clear sky
490,Mgandu,TZ,-5.95,34.1333,80.01,30,100,11.27,overcast clouds
491,Portland,US,45.5234,-122.6762,42.78,89,40,1.99,scattered clouds
492,Sitka,US,57.0531,-135.33,37.29,87,75,8.05,light rain
493,Callaway,US,30.153,-85.5699,61.92,93,75,11.5,broken clouds
494,Villa Bisono,DO,19.5638,-70.8758,62.1,93,0,4.23,clear sky
495,Khani,GE,41.9563,42.9566,40.57,86,100,1.77,overcast clouds
496,Nome,US,64.5011,-165.4064,14.07,92,100,4.61,mist
497,Nishihara,JP,26.1842,127.7558,67.68,60,20,19.57,few clouds
498,Rundu,NA,-17.9333,19.7667,83.55,44,100,12.26,overcast clouds
499,Igrim,RU,63.1906,64.4162,-13.92,97,22,3.58,few clouds
500,Kieta,PG,-6.2167,155.6333,80.11,83,100,2.01,moderate rain
501,Carballo,ES,43.213,-8.691,62.76,92,100,7.63,overcast clouds
502,Semnan,IR,35.5729,53.3971,48.04,37,0,0.0,clear sky
503,Salym,RU,60.0625,71.4789,-12.06,96,8,4.05,clear sky
504,Tibacuy,CO,4.3511,-72.4564,74.98,85,100,5.14,overcast clouds
505,Geraldton,AU,-28.7667,114.6,95.41,14,0,27.63,clear sky
506,La Crosse,US,43.8014,-91.2396,36.41,81,100,10.36,overcast clouds
507,Roebourne,AU,-20.7833,117.1333,104.76,16,2,21.9,clear sky
508,Abalak,RU,58.1286,68.5944,-7.13,91,93,4.16,overcast clouds
509,Resistencia,AR,-27.4606,-58.9839,75.18,43,0,9.22,clear sky
510,Tecoanapa,MX,16.5167,-98.75,72.66,87,73,4.83,broken clouds
511,Hami,CN,42.8,93.45,25.47,31,2,6.02,clear sky
512,Quelimane,MZ,-17.8786,36.8883,87.75,66,75,4.61,broken clouds
513,Brae,GB,60.3964,-1.353,37.33,58,89,19.6,light rain
514,Luquillo,PR,18.3725,-65.7166,74.91,78,100,0.0,overcast clouds
515,Honiara,SB,-9.4333,159.95,79.52,84,92,2.59,overcast clouds
516,Buea,CM,4.1527,9.241,73.56,70,33,1.25,scattered clouds
517,San Policarpo,PH,12.1791,125.5072,81.81,82,99,9.13,overcast clouds
518,Shimoda,JP,34.6667,138.95,57.56,71,1,21.99,clear sky
519,Lieksa,FI,63.3167,30.0167,12.45,91,100,11.25,overcast clouds
520,Lebanon,US,36.2081,-86.2911,43.2,97,0,0.0,clear sky
521,Acapulco,MX,16.8634,-99.8901,73.22,88,20,0.0,few clouds
522,Pozo Colorado,PY,-23.4923,-58.7972,74.05,95,97,1.57,overcast clouds
523,Ambon,ID,-3.6954,128.1814,82.54,83,40,5.75,scattered clouds
524,Esperance,AU,-33.8667,121.9,64.06,58,97,22.06,overcast clouds
525,Kurchum,KZ,48.5722,83.6542,8.53,91,100,0.83,light snow
526,Manokwari,ID,-0.8667,134.0833,78.31,85,100,3.27,overcast clouds
527,Chapais,CA,49.7834,-74.8492,2.98,98,85,5.55,overcast clouds
528,Maldonado,UY,-34.6667,-54.9167,60.19,79,0,4.12,clear sky
529,Coffs Harbour,AU,-30.3,153.1333,73.36,46,0,11.5,clear sky
530,Badarganj,BD,25.674,89.0549,80.15,40,6,0.49,clear sky
531,Nowy Tomysl,PL,52.3195,16.1284,28.26,86,41,10.04,scattered clouds
532,Iskateley,RU,67.6803,53.1512,-6.66,95,100,8.34,overcast clouds
533,Kaeo,NZ,-35.1,173.7833,63.09,94,9,7.34,clear sky
534,Marzuq,YE,14.4,46.4667,73.85,37,1,4.23,clear sky
535,San Jose Acatempa,GT,14.2653,-90.1269,55.9,90,36,4.47,scattered clouds
536,Shitanjing,CN,39.2342,106.3439,17.35,43,18,21.74,few clouds
537,Pokhara,NP,28.2333,83.9833,73.0,32,0,5.91,clear sky
538,Palauig,PH,15.435,119.9045,82.04,78,94,6.62,overcast clouds
539,Varhaug,NO,58.6147,5.6457,32.49,79,98,24.79,light snow
540,Leh,IN,34.1667,77.5833,25.12,37,0,2.64,clear sky
541,La Asuncion,VE,11.0333,-63.8628,76.73,83,90,5.75,overcast clouds
542,New Glasgow,CA,45.5834,-62.6486,33.78,83,100,19.28,light snow
543,Yeppoon,AU,-23.1333,150.7333,92.98,64,40,13.42,scattered clouds
544,Chernyshevskiy,RU,63.0128,112.4714,-17.57,100,96,3.31,overcast clouds
545,Harper,LR,4.375,-7.7169,78.87,79,6,3.11,light rain
546,Khandbari,NP,27.3747,87.2039,70.97,42,78,4.12,broken clouds
547,Kempsey,AU,-31.0833,152.8333,69.94,53,0,8.01,clear sky
548,Mocuba,MZ,-16.8392,36.9856,87.91,54,65,4.99,broken clouds
549,Hualmay,PE,-11.0964,-77.6139,68.41,82,100,1.52,overcast clouds
550,Jinchang,CN,38.4953,102.1739,24.82,27,0,3.15,clear sky
551,Kamenka,RU,51.3223,42.7678,25.65,71,0,17.69,clear sky
552,Murwara,IN,23.85,80.4,82.02,23,19,4.34,few clouds
553,Dakoro,NE,14.5106,6.765,70.32,14,7,12.17,clear sky
554,Yerofey Pavlovich,RU,53.9667,121.9667,-13.13,81,100,4.32,overcast clouds
555,Huntsville,US,34.7304,-86.5861,51.78,79,99,1.99,overcast clouds
556,Abnub,EG,27.2696,31.1511,67.37,37,1,3.65,clear sky
557,Ken Caryl,US,39.5773,-105.1169,27.01,77,100,7.0,light snow
558,West Plains,US,36.7281,-91.8524,41.83,88,100,13.0,mist
559,Kyra,RU,49.5776,111.9753,-5.76,72,91,7.18,overcast clouds
560,Yagodnoye,RU,62.55,149.6667,-48.59,96,18,4.85,few clouds
561,Zhanaozen,KZ,43.3,52.8,32.92,42,0,22.57,clear sky
562,Tilichiki,RU,60.4667,166.1,0.3,88,100,6.98,overcast clouds
563,Cabo Rojo,PR,18.0866,-67.1457,71.96,62,19,4.07,few clouds
564,Gari,RU,59.4307,62.3497,4.78,87,100,5.59,overcast clouds
565,Hato Mayor,DO,18.7629,-69.256,63.27,87,0,3.69,clear sky
566,Namibe,AO,-15.1961,12.1522,74.17,55,100,6.08,overcast clouds
567,Conde,BR,-7.2597,-34.9075,74.66,88,20,3.44,few clouds
568,Shenjiamen,CN,29.9576,122.298,49.6,44,50,14.34,scattered clouds
569,Kozluk,TR,38.1938,41.4885,45.39,86,100,2.33,overcast clouds
570,Bubaque,GW,11.2833,-15.8333,79.95,72,81,5.32,broken clouds
571,Arenapolis,BR,-14.4503,-56.8461,73.4,85,96,3.2,overcast clouds
572,Virginia Beach,US,36.8529,-75.978,44.02,68,100,1.99,overcast clouds
573,Lingyuan,CN,41.24,119.4011,8.74,21,0,15.64,clear sky
574,Dodola,ET,6.9833,39.1833,64.27,40,9,5.1,clear sky
575,Dinguiraye,GN,11.3,-10.7167,67.41,26,12,0.43,few clouds
576,Sarakhs,IR,36.5449,61.1577,55.54,58,75,13.8,broken clouds
577,Hit,IQ,33.6416,42.8251,65.01,45,100,13.15,overcast clouds
578,Cabedelo,BR,-6.9811,-34.8339,75.87,81,35,8.16,scattered clouds
579,Tahe,CN,52.3333,124.7333,-5.96,88,100,10.92,overcast clouds
580,Takhtamygda,RU,54.1,123.5667,-12.1,74,99,8.12,overcast clouds
581,Samarai,PG,-10.6167,150.6667,84.34,71,100,3.96,overcast clouds
582,Meulaboh,ID,4.1363,96.1285,79.23,89,100,12.28,overcast clouds
583,Valparaiso,CL,-33.0393,-71.6273,53.24,76,0,2.3,clear sky
584,Tsabong,BW,-26.0217,22.401,83.59,46,0,18.32,clear sky
585,Kulhudhuffushi,MV,6.6221,73.07,81.99,75,18,13.89,few clouds
586,Touros,BR,-5.1989,-35.4608,76.42,81,57,7.74,broken clouds
587,Los Llanos De Aridane,ES,28.6585,-17.9182,67.75,69,20,18.41,few clouds
588,Oudtshoorn,ZA,-33.5907,22.2014,70.16,57,44,5.55,light rain
589,Amazar,RU,53.858,120.875,-9.85,67,100,7.94,overcast clouds
590,Panguna,PG,-6.3164,155.4848,70.47,95,99,0.56,moderate rain
591,Port Hardy,CA,50.6996,-127.4199,30.38,100,40,3.44,scattered clouds
592,Souillac,MU,-20.5167,57.5167,82.78,65,40,11.5,scattered clouds
593,San Cristobal,VE,7.7669,-72.225,64.49,95,53,1.79,broken clouds
594,Norfolk,US,42.1668,-71.2495,26.98,74,0,3.44,clear sky
595,Constitucion,CL,-35.3333,-72.4167,56.57,74,0,6.58,clear sky
596,Sandwick,GB,60.0,-1.25,35.42,55,40,18.41,light rain
597,Nova Prata,BR,-28.7839,-51.61,57.27,91,59,1.66,broken clouds
598,Onega,RU,63.9061,38.1404,15.04,91,100,11.39,overcast clouds
599,Lodwar,KE,3.1191,35.5973,90.05,32,31,19.55,scattered clouds
600,Labuhan,ID,-6.8844,112.2051,85.73,66,46,6.26,scattered clouds
601,Dongsheng,CN,39.8161,109.9776,8.06,23,0,20.33,clear sky
602,Goure,NE,13.9835,10.2704,72.09,13,8,11.54,clear sky
603,Bima,ID,-8.4667,118.7167,87.24,66,57,1.54,broken clouds
604,Ruteng,ID,-8.6136,120.4721,70.0,83,72,0.89,broken clouds
605,Lorengau,PG,-2.0226,147.2712,80.31,81,95,5.82,overcast clouds
606,Mukhen,RU,48.1,136.1,13.91,94,100,8.19,light snow
607,Assens,DK,55.2702,9.9008,30.09,85,42,2.44,scattered clouds
608,Chateau-Thierry,FR,49.05,3.4,25.36,68,100,11.36,overcast clouds
609,Pagudpud,PH,18.5616,120.7868,78.19,84,73,16.42,broken clouds
610,Sao Miguel Do Araguaia,BR,-13.275,-50.1628,70.81,93,100,5.14,overcast clouds
611,Yatou,CN,37.15,122.3833,28.04,49,43,27.42,scattered clouds
612,Santo Antonio Do Ica,BR,-3.1022,-67.9397,72.55,99,100,2.33,overcast clouds
613,Arlit,NE,18.7369,7.3853,74.21,11,52,2.91,broken clouds
614,Kinablangan,PH,7.6947,126.5503,82.67,75,98,6.33,overcast clouds
615,Mayor Pablo Lagerenza,PY,-19.9309,-60.7718,74.82,72,99,5.84,overcast clouds
616,Tazovskiy,RU,67.4667,78.7,-16.13,95,19,11.03,few clouds
617,Bardiyah,LY,31.7561,25.0865,65.91,58,0,15.46,clear sky
618,Novyy Urengoy,RU,66.0833,76.6333,-16.89,94,6,7.78,clear sky
619,Bahia Blanca,AR,-38.7196,-62.2724,60.3,61,0,1.01,clear sky
620,Hurricane,US,37.1753,-113.2899,34.27,79,95,3.44,overcast clouds
621,Caceres,ES,39.522,-6.3748,61.11,97,100,14.27,moderate rain
622,Fare,PF,-16.7,-151.0167,78.78,71,100,10.33,overcast clouds
623,Solone,UA,48.2081,34.8721,40.21,80,100,5.7,overcast clouds
624,Gorontalo,ID,0.5412,123.0595,80.91,86,100,2.21,moderate rain
625,Inuvik,CA,68.3499,-133.7218,-1.19,78,100,5.75,light snow
626,Dingle,PH,10.9995,122.6711,81.75,84,99,7.85,overcast clouds
627,Kawhia,NZ,-38.0651,174.8183,67.51,85,95,9.17,overcast clouds
628,Pimentel,PE,-6.8367,-79.9342,66.63,83,79,4.94,broken clouds
629,Ambilobe,MG,-13.2,49.05,94.89,36,71,6.49,broken clouds
630,Verkhnyachka,UA,48.8285,30.0396,30.25,93,100,5.97,light snow
631,Olinda,BR,-8.0089,-34.8553,78.53,73,40,2.3,scattered clouds
632,Launceston,AU,-41.45,147.1667,56.84,69,75,13.8,broken clouds
633,Payyannur,IN,12.1,75.2,79.43,82,100,11.83,overcast clouds
634,Teeli,RU,51.0333,90.2333,-6.12,94,100,1.72,overcast clouds
635,Adrar,MR,20.5022,-10.0711,69.48,18,0,7.94,clear sky
636,Irimbo,MX,19.7,-100.4792,46.99,97,4,1.36,clear sky
637,Cap Malheureux,MU,-19.9842,57.6142,82.47,59,8,10.0,clear sky
638,Tateyama,JP,34.9833,139.8667,54.1,70,65,13.22,broken clouds
639,Nelson Bay,AU,-32.7167,152.15,73.45,51,0,24.0,clear sky
640,Maragogi,BR,-9.0122,-35.2225,74.59,82,76,6.82,broken clouds
641,Nizhneangarsk,RU,55.7833,109.55,-13.43,88,53,5.66,broken clouds
642,Deputatskiy,RU,69.3,139.9,-23.12,94,100,6.22,overcast clouds
643,Ukiah,US,39.1502,-123.2078,41.11,96,0,2.1,clear sky
644,Bokovskaya,RU,49.229,41.8306,30.78,73,95,18.28,overcast clouds
645,Ulaanbaatar,MN,47.9077,106.8832,-7.47,54,0,6.71,clear sky
646,Wuda,CN,39.4994,106.7117,20.77,28,2,15.95,clear sky
647,Flin Flon,CA,54.7682,-101.865,11.01,97,91,6.42,overcast clouds
648,Tezu,IN,27.9167,96.1667,78.04,31,0,3.36,clear sky
649,Luebo,CD,-5.35,21.4167,69.4,99,100,2.91,light rain
650,Tinaquillo,VE,9.9186,-68.3047,78.87,94,52,3.67,broken clouds
651,Roald,NO,62.5833,6.1333,22.33,73,0,10.36,clear sky
652,Jaroslaw,PL,50.0162,22.6778,26.51,90,99,11.01,light snow
653,Zambezi,ZM,-13.5432,23.1047,76.86,66,36,7.36,light rain
654,Akita,JP,39.7167,140.1167,45.54,93,75,4.61,light intensity shower rain
655,Nipawin,CA,53.3668,-104.0009,15.84,86,100,8.05,overcast clouds
656,Omsukchan,RU,62.5333,155.8,-26.82,96,100,4.56,overcast clouds
657,Belaya Gora,RU,68.5333,146.4167,-16.55,98,100,6.15,overcast clouds
658,Novikovo,RU,51.1537,37.8879,37.18,98,100,9.66,overcast clouds
659,Taldan,RU,53.6667,124.8,-10.23,75,100,10.74,overcast clouds
660,Palu,ID,-0.8917,119.8707,81.88,84,98,3.53,overcast clouds
661,Komsomolskiy,UZ,40.4272,71.7189,32.72,80,40,4.61,mist
662,Magadan,RU,59.5667,150.8,-20.63,85,36,6.29,scattered clouds
663,Darhan,MN,49.4867,105.9228,-2.13,81,2,5.93,clear sky
664,Ruthen,DE,51.4909,8.436,20.7,86,0,9.22,clear sky
665,Kourou,GF,5.1552,-52.6478,73.45,92,99,6.82,overcast clouds
666,Aitape,PG,-3.1374,142.3475,80.31,86,100,3.09,overcast clouds
667,Ballina,AU,-28.8667,153.5667,73.02,74,10,7.54,clear sky
668,Bonavista,CA,48.6499,-53.1147,35.96,94,100,15.26,overcast clouds
669,Trat,TH,12.5,102.5,86.2,65,98,14.85,overcast clouds
670,Bereda,ES,43.2686,-7.5406,58.41,100,100,6.46,overcast clouds
671,Itarema,BR,-2.9248,-39.9167,75.16,85,18,7.94,few clouds
672,Campo Maior,BR,-4.8278,-42.1686,70.95,95,42,2.53,scattered clouds
673,Tigre,AR,-34.426,-58.5796,64.4,76,0,4.61,clear sky
674,Kodar,IN,16.9833,79.9667,84.78,59,58,8.03,broken clouds
675,Loknya,RU,56.83,30.1467,25.52,94,100,11.01,light snow
676,Sinnamary,GF,5.3833,-52.95,76.28,90,100,9.78,light rain
677,Awbari,LY,26.5921,12.7805,70.38,31,1,2.37,clear sky
678,Troitskoye,RU,52.9821,84.6757,17.87,92,100,16.31,snow
679,Soe,ID,-9.8607,124.284,79.14,63,22,5.53,few clouds
680,Kutum,SD,14.2,24.6667,70.54,11,35,11.99,scattered clouds
681,Ambala,IN,30.3783,76.7808,78.13,16,0,15.82,clear sky
